{"cameraMode":{"drawMode":0,"name":"Shaded","section":"Shading Mode"},"sceneLighting":true,"audioPlay":false,"sceneViewState":{"showFog":true,"showMaterialUpdate":false,"showSkybox":true,"showFlares":true,"showImageEffects":true,"showParticleSystems":true},"in2DMode":false,"pivot":{"x":-14.316658020019532,"y":2.147096872329712,"z":-20.369077682495118},"rotation":{"x":-0.333499550819397,"y":-0.064410001039505,"z":0.020592626184225084,"w":-0.9408936500549316},"size":10.23818588256836,"orthographic":false}