{"cameraMode":{"drawMode":0,"name":"Shaded","section":"Shading Mode"},"sceneLighting":true,"audioPlay":false,"sceneViewState":{"showFog":true,"showMaterialUpdate":false,"showSkybox":true,"showFlares":true,"showImageEffects":true,"showParticleSystems":true},"in2DMode":false,"pivot":{"x":-36.81268310546875,"y":1.0186960697174073,"z":-19.808202743530275},"rotation":{"x":0.06467926502227783,"y":-0.8657948970794678,"z":0.10966067016124726,"w":0.48620647192001345},"size":5.555196762084961,"orthographic":false}