{"cameraMode":{"drawMode":0,"name":"Shaded","section":"Shading Mode"},"sceneLighting":true,"audioPlay":false,"sceneViewState":{"showFog":true,"showMaterialUpdate":false,"showSkybox":true,"showFlares":true,"showImageEffects":true,"showParticleSystems":true},"in2DMode":false,"pivot":{"x":-20.241567611694337,"y":-4.606138229370117,"z":-12.094036102294922},"rotation":{"x":-0.6160558462142944,"y":0.006154133006930351,"z":-0.0025601349771022798,"w":-0.7883594632148743},"size":23.54143714904785,"orthographic":false}