{"cameraMode":{"drawMode":0,"name":"Shaded","section":"Shading Mode"},"sceneLighting":false,"audioPlay":false,"sceneViewState":{"showFog":true,"showMaterialUpdate":false,"showSkybox":false,"showFlares":true,"showImageEffects":true,"showParticleSystems":true},"in2DMode":false,"pivot":{"x":-7.742399215698242,"y":1.6883163452148438,"z":-15.01544189453125},"rotation":{"x":0.3710012435913086,"y":0.0073652868159115318,"z":-0.012340559624135495,"w":0.9296528697013855},"size":7.022031307220459,"orthographic":false}