{"cameraMode":{"drawMode":0,"name":"Shaded","section":"Shading Mode"},"sceneLighting":false,"audioPlay":false,"sceneViewState":{"showFog":true,"showMaterialUpdate":false,"showSkybox":false,"showFlares":true,"showImageEffects":true,"showParticleSystems":true},"in2DMode":false,"pivot":{"x":-18.648563385009767,"y":1.1500000953674317,"z":-11.886821746826172},"rotation":{"x":0.27400049567222597,"y":0.034561287611722949,"z":-0.01901298761367798,"w":0.962020218372345},"size":4.606904029846191,"orthographic":false}