{"cameraMode":{"drawMode":0,"name":"Shaded","section":"Shading Mode"},"sceneLighting":true,"audioPlay":false,"sceneViewState":{"showFog":true,"showMaterialUpdate":false,"showSkybox":true,"showFlares":true,"showImageEffects":true,"showParticleSystems":true},"in2DMode":false,"pivot":{"x":-1.110646367073059,"y":-5.762027740478516,"z":13.800853729248047},"rotation":{"x":0.16721856594085694,"y":-0.007370149251073599,"z":0.0013751465594395996,"w":0.9860029816627502},"size":18.20839500427246,"orthographic":false}