{"cameraMode":{"drawMode":0,"name":"Shaded","section":"Shading Mode"},"sceneLighting":true,"audioPlay":false,"sceneViewState":{"showFog":true,"showMaterialUpdate":false,"showSkybox":true,"showFlares":true,"showImageEffects":true,"showParticleSystems":true},"in2DMode":false,"pivot":{"x":-23.429691314697267,"y":0.3493044376373291,"z":-20.237314224243165},"rotation":{"x":-0.4376092255115509,"y":-0.5499841570854187,"z":0.5051777362823486,"w":-0.5034149289131165},"size":3.876556873321533,"orthographic":false}