{"cameraMode":{"drawMode":0,"name":"Shaded","section":"Shading Mode"},"sceneLighting":true,"audioPlay":false,"sceneViewState":{"showFog":true,"showMaterialUpdate":false,"showSkybox":true,"showFlares":true,"showImageEffects":true,"showParticleSystems":true},"in2DMode":false,"pivot":{"x":-19.59597396850586,"y":0.037586212158203128,"z":-17.589759826660158},"rotation":{"x":-0.6915177702903748,"y":0.019815918058156968,"z":0.010198311880230904,"w":-0.7239816188812256},"size":24.361316680908204,"orthographic":false}