{"cameraMode":{"drawMode":0,"name":"Shaded","section":"Shading Mode"},"sceneLighting":true,"audioPlay":false,"sceneViewState":{"showFog":true,"showMaterialUpdate":false,"showSkybox":true,"showFlares":true,"showImageEffects":true,"showParticleSystems":true},"in2DMode":false,"pivot":{"x":-4.481037139892578,"y":-4.870000839233398,"z":-2.086273193359375},"rotation":{"x":-0.6067281365394592,"y":0.006452706642448902,"z":0.004110588692128658,"w":-0.795918881893158},"size":34.25831985473633,"orthographic":false}