{"cameraMode":{"drawMode":0,"name":"Shaded","section":"Shading Mode"},"sceneLighting":true,"audioPlay":false,"sceneViewState":{"showFog":true,"showMaterialUpdate":false,"showSkybox":true,"showFlares":true,"showImageEffects":true,"showParticleSystems":true},"in2DMode":false,"pivot":{"x":-13.13907241821289,"y":-12.364221572875977,"z":-14.098896026611329},"rotation":{"x":-0.6112048029899597,"y":0.01654476672410965,"z":-0.0110905971378088,"w":-0.7918754816055298},"size":27.318758010864259,"orthographic":false}