{"cameraMode":{"drawMode":0,"name":"Shaded","section":"Shading Mode"},"sceneLighting":true,"audioPlay":false,"sceneViewState":{"showFog":true,"showMaterialUpdate":false,"showSkybox":true,"showFlares":true,"showImageEffects":true,"showParticleSystems":true},"in2DMode":false,"pivot":{"x":47.40761184692383,"y":-0.04271507263183594,"z":-37.36949157714844},"rotation":{"x":-0.6571464538574219,"y":0.005216094199568033,"z":-0.004528093617409468,"w":-0.7538048028945923},"size":29.66691780090332,"orthographic":false}