{"cameraMode":{"drawMode":0,"name":"Shaded","section":"Shading Mode"},"sceneLighting":true,"audioPlay":false,"sceneViewState":{"showFog":true,"showMaterialUpdate":false,"showSkybox":true,"showFlares":true,"showImageEffects":true,"showParticleSystems":true},"in2DMode":false,"pivot":{"x":-18.564863204956056,"y":1.2508189678192139,"z":-20.787033081054689},"rotation":{"x":-0.31503838300704958,"y":-0.14110423624515534,"z":0.05975686386227608,"w":-0.9380002021789551},"size":4.677956581115723,"orthographic":false}