{"cameraMode":{"drawMode":0,"name":"Shaded","section":"Shading Mode"},"sceneLighting":true,"audioPlay":false,"sceneViewState":{"showFog":true,"showMaterialUpdate":false,"showSkybox":true,"showFlares":true,"showImageEffects":true,"showParticleSystems":true},"in2DMode":false,"pivot":{"x":-8.306729316711426,"y":-4.524881362915039,"z":-8.380515098571778},"rotation":{"x":-0.6218813061714172,"y":-0.00709561025723815,"z":0.00740239629521966,"w":-0.783668577671051},"size":20.149221420288087,"orthographic":false}