{"cameraMode":{"drawMode":0,"name":"Shaded","section":"Shading Mode"},"sceneLighting":true,"audioPlay":false,"sceneViewState":{"showFog":true,"showMaterialUpdate":false,"showSkybox":true,"showFlares":true,"showImageEffects":true,"showParticleSystems":true},"in2DMode":false,"pivot":{"x":-13.375072479248047,"y":-1.2993416786193848,"z":-6.014509201049805},"rotation":{"x":-0.2076515406370163,"y":-0.1859569549560547,"z":0.04165569692850113,"w":-0.9598902463912964},"size":15.651237487792969,"orthographic":false}