{"cameraMode":{"drawMode":0,"name":"Shaded","section":"Shading Mode"},"sceneLighting":true,"audioPlay":false,"sceneViewState":{"showFog":true,"showMaterialUpdate":false,"showSkybox":true,"showFlares":true,"showImageEffects":true,"showParticleSystems":true},"in2DMode":false,"pivot":{"x":8.430932998657227,"y":1.5452251434326172,"z":-13.854898452758789},"rotation":{"x":-0.2207062840461731,"y":0.5165331363677979,"z":-0.13981150090694428,"w":-0.8155341744422913},"size":22.223291397094728,"orthographic":false}